video	level	teacher	wpm
1	Complete Beginner	Yuki先生	51.53095084987292
2	Complete Beginner	Yuki先生	47.066223338066116
3	Complete Beginner	Yuki先生	37.34674630619302
4	Complete Beginner	Yuki先生	47.82345300923976
5	Complete Beginner	Yuki先生	64.98555869252881
6	Complete Beginner	Yuki先生	68.21561338289963
7	Complete Beginner	Yuki先生	76.1115953834878
8	Complete Beginner	Yuki先生	42.136634315405296
9	Complete Beginner	Yuki先生	41.1528769737725
10	Complete Beginner	Yuki先生	65.41446182574097
11	Complete Beginner	Yuki先生	56.14383645812128
12	Complete Beginner	Yuki先生	60.8579170496614
13	Beginner	Yuki先生	49.932467584345424
14	Beginner	Yuki先生	54.93820520694443
15	Intermediate	Yuki先生	107.6143934116958
16	Intermediate	Yuki先生	104.4795370769384
17	Intermediate	Yuki先生	120.32577102754043
18	Intermediate	Yuki先生	115.39620411964297
19	Intermediate	Yuki先生	117.06528128465307
20	Beginner	Yuki先生	47.24409448818897
21	Beginner	Yuki先生	42.98011883277299
22	Beginner	Yuki先生	65.15983785217483
23	Beginner	Yuki先生	56.88792533096058
24	Beginner	Yuki先生	65.55922403470984
25	Beginner	Yuki先生	60.346527764962005
26	Beginner	Yuki先生	67.13409290096406
27	Beginner	Yuki先生	55.58997465502675
28	Beginner	Yuki先生	75.21421770866391
29	Beginner	Yuki先生	52.34741784037559
30	Beginner	Yuki先生	75.5762898951376
31	Beginner	Yuki先生	64.82458873769728
32	Beginner	Yuki先生	58.08357039825374
33	Beginner	Yuki先生	52.08881400390528
34	Beginner	Yuki先生	59.39585095305611
35	Beginner	Yuki先生	54.113411389841055
36	Beginner	Yuki先生	50.37398104914193
37	Beginner	Yuki先生	48.134078212290504
38	Beginner	Yuki先生	62.38811648982278
39	Beginner	Yuki先生	58.01404212637914
40	Beginner	Yuki先生	57.72272981649564
41	Beginner	Yuki先生	67.53788177059418
42	Beginner	Yuki先生	64.62251996908013
43	Beginner	Yuki先生	61.45930782175801
44	Beginner	Yuki先生	62.17051450842621
45	Beginner	Yuki先生	59.49084407370179
46	Beginner	Yuki先生	68.92320718100615
47	Beginner	Yuki先生	68.73727087576374
48	Beginner	Yuki先生	63.821405079565714
49	Beginner	Yuki先生	65.39374541707737
50	Beginner	Yuki先生	63.503852997403996
51	Beginner	Yuki先生	72.020832501972
52	Beginner	Yuki先生	83.3899993563858
53	Beginner	Yuki先生	75.23262975990896
54	Beginner	Yuki先生	77.24839297639457
55	Beginner	Yuki先生	82.49211282282133
56	Beginner	Yuki先生	77.61814571630073
57	Beginner	Yuki先生	76.49077324364418
58	Beginner	Yuki先生	76.0994492318623
59	Beginner	Yuki先生	82.45265997975413
60	Beginner	Yuki先生	62.233939064440314
61	Beginner	Yuki先生	73.97006242149808
62	Beginner	Yuki先生	69.28886685269366
63	Beginner	Yuki先生	68.76853041418083
64	Beginner	Yuki先生	73.24806298692496
65	Beginner	Yuki先生	69.75320276525423
66	Beginner	Yuki先生	75.09096069981665
67	Beginner	Yuki先生	81.34656542103822
68	Beginner	Yuki先生	82.05910621827239
69	Beginner	Yuki先生	63.62253595941078
70	Beginner	Yuki先生	65.80156449021179
71	Beginner	Yuki先生	68.13807426259042
72	Beginner	Yuki先生	68.89419894692307
73	Beginner	Yuki先生	74.7050665484597
74	Beginner	Yuki先生	90.94225668277856
75	Beginner	Yuki先生	88.2708585247884
76	Complete Beginner	Yuki先生	56.42004809018543
77	Intermediate	Yuki先生	122.83247309091027
78	Complete Beginner	Yuki先生	56.10184359942527
79	Complete Beginner	Yuki先生	68.59608137443121
80	Complete Beginner	Yuki先生	60.1966231942187
81	Intermediate	Yuki先生	114.81361174612711
82	Complete Beginner	Yuki先生	74.50404114621603
83	Complete Beginner	Yuki先生	67.84104888947368
84	Complete Beginner	Yuki先生	61.773357526581655
85	Intermediate	Yuki先生	148.07446003677532
86	Complete Beginner	Yuki先生	74.50597879435668
87	Complete Beginner	Yuki先生	47.29598213916866
88	Beginner	Yuki先生	51.884312007011395
89	Beginner	Yuki先生	84.15521422797089
90	Beginner	Yuki先生	111.35460088106798
91	Complete Beginner	Yuki先生	80.3347280334728
92	Beginner	Yuki先生	104.35886573808838
93	Beginner	Yuki先生	95.69905950112913
94	Intermediate	Yuki先生	131.8661971830986
95	Intermediate	Yuki先生	125.71428571428572
96	Intermediate	Yuki先生	122.31615897457024
97	Intermediate	Yuki先生	138.88237183474587
98	Beginner	Yuki先生	105.69235359815337
99	Complete Beginner	Yuki先生	64.61290909162432
100	Complete Beginner	Yuki先生	88.69929615494098
101	Intermediate	Yuki先生	114.0730340779641
102	Beginner	Yuki先生	85.74772186283549
103	Complete Beginner	Yuki先生	75.5921052631579
104	Beginner	Yuki先生	99.54272656440605
105	Intermediate	Yuki先生	134.0951538579996
106	Intermediate	Yuki先生	131.56680285174502
107	Complete Beginner	Yuki先生	66.09416637096967
108	Beginner	Yuki先生	76.6266700332633
109	Intermediate	Yuki先生	108.03622779473565
110	Intermediate	Yuki先生	95.88429191953395
111	Complete Beginner	Yuki先生	59.18677372896407
112	Beginner	Yuki先生	78.40696308854648
113	Beginner	Yuki先生	87.38866073189243
114	Beginner	Yuki先生	76.02369292296717
115	Complete Beginner	Yuki先生	78.72276017142438
116	Beginner	Yuki先生	81.4430314041007
117	Intermediate	Yuki先生	102.71298433412403
118	Intermediate	Yuki先生	115.99966374474512
119	Complete Beginner	Yuki先生	63.370941690847545
120	Complete Beginner	Yuki先生	60.88950769031903
121	Beginner	Yuki先生	77.183486830758
122	Intermediate	Yuki先生	99.21861515902977
123	Intermediate	Yuki先生	89.47344911371826
124	Complete Beginner	Yuki先生	72.01426024955435
125	Complete Beginner	Yuki先生	62.61695825831176
126	Complete Beginner	Yuki先生	75.79255650581695
127	Beginner	Yuki先生	91.73259180999109
128	Complete Beginner	Yuki先生	85.61985106047811
129	Intermediate	Yuki先生	120.30320463662699
130	Beginner	Yuki先生	86.35833697135708
131	Beginner	Yuki先生	91.97080298617533
132	Intermediate	Yuki先生	112.81879934554259
133	Complete Beginner	Yuki先生	70.03333440815035
134	Beginner	Yuki先生	88.49891501354051
135	Intermediate	Yuki先生	115.63150074294205
136	Complete Beginner	Yuki先生	64.42636742528674
137	Beginner	Yuki先生	78.88603873523223
138	Beginner	Yuki先生	108.01751698658745
139	Beginner	Yuki先生	90.6934306569343
140	Beginner	Yuki先生	91.70302477352617
141	Intermediate	Yuki先生	101.4862790230668
142	Complete Beginner	Yuki先生	60.964939470183396
143	Complete Beginner	Yuki先生	59.684995905953556
144	Intermediate	Yuki先生	115.19425200206938
145	Complete Beginner	Yuki先生	67.48870114365731
146	Intermediate	Yuki先生	123.41278777895721
147	Beginner	Yuki先生	99.14428294462071
148	Beginner	Yuki先生	114.14461533864447
149	Intermediate	Yuki先生	112.63520634611854
150	Complete Beginner	Yuki先生	74.47342016741045
151	Complete Beginner	Yuki先生	71.72057852058968
152	Complete Beginner	Yuki先生	68.16874400767018
153	Beginner	Yuki先生	94.45462872682481
154	Intermediate	Yuki先生	114.81778327981604
155	Intermediate	Yuki先生	112.48415068333185
156	Beginner	Yuki先生	98.78283775730479
157	Beginner	Yuki先生	75.79230116902086
158	Complete Beginner	Yuki先生	68.77707430856381
159	Intermediate	Yuki先生	110.3978644271019
160	Beginner	Yuki先生	91.71021784651049
161	Complete Beginner	Yuki先生	72.16132064125586
162	Beginner	Yuki先生	64.28709180065378
163	Beginner	Yuki先生	79.68664609189894
164	Intermediate	Yuki先生	122.02944518787955
165	Complete Beginner	Yuki先生	83.06247966025371
166	Complete Beginner	Yuki先生	74.75079938848047
167	Intermediate	Yuki先生	124.88913525498891
168	Intermediate	Yuki先生	122.93376313327886
169	Intermediate	Yuki先生	123.68113482190333
170	Complete Beginner	Yuki先生	88.9905726099173
171	Complete Beginner	Yuki先生	79.45372505858587
172	Beginner	Yuki先生	92.42157208318648
173	Intermediate	Yuki先生	121.38328516267055
174	Complete Beginner	Yuki先生	58.75737218318115
175	Intermediate	Yuki先生	119.35428646447002
176	Beginner	Yuki先生	84.87422410976804
177	Intermediate	Yuki先生	124.99867669242646
178	Complete Beginner	Yuki先生	84.61348411720616
179	Beginner	Yuki先生	83.90271698975799
180	Intermediate	Yuki先生	115.50728361134098
181	Complete Beginner	Yuki先生	73.00391915776522
182	Beginner	Yuki先生	96.30721143493767
183	Complete Beginner	Yuki先生	76.19499151309746
184	Complete Beginner	Yuki先生	83.47381906910944
185	Intermediate	Yuki先生	108.2884347951636
186	Beginner	Yuki先生	91.16695472277276
187	Complete Beginner	Yuki先生	69.9973750984338
188	Complete Beginner	Yuki先生	72.92843309877395
189	Intermediate	Yuki先生	109.59381789956461
190	Intermediate	Yuki先生	124.28975968968943
191	Intermediate	Yuki先生	113.81350965125546
192	Beginner	Yuki先生	95.32479772722328
193	Complete Beginner	Yuki先生	78.9495985823473
194	Complete Beginner	Yuki先生	72.0233969593773
195	Beginner	Yuki先生	89.5980069644833
196	Intermediate	Yuki先生	123.72577205435815
197	Intermediate	Yuki先生	124.67045600373177
198	Intermediate	Yuki先生	113.55279976476892
199	Complete Beginner	Yuki先生	68.91847762022631
200	Beginner	Yuki先生	93.07065055072196
201	Beginner	Yuki先生	95.80653084418506
202	Complete Beginner	Yuki先生	77.97485770920419
203	Intermediate	Yuki先生	131.181832497773
204	Beginner	Yuki先生	107.70548931023693
205	Intermediate	Yuki先生	132.83894549361287
206	Intermediate	Yuki先生	121.0050861883822
207	Complete Beginner	Yuki先生	86.06620768092414
208	Complete Beginner	Yuki先生	84.05920616451117
209	Beginner	Yuki先生	95.17717636936538
210	Complete Beginner	Yuki先生	80.65601399839434
211	Beginner	Yuki先生	81.92741849553406
212	Complete Beginner	Yuki先生	68.67514285911896
213	Intermediate	Yuki先生	133.02131612205827
214	Beginner	Yuki先生	79.13978617766766
215	Intermediate	Yuki先生	111.62002095818934
216	Complete Beginner	Yuki先生	71.2952266577392
217	Complete Beginner	Yuki先生	72.70516361417685
218	Beginner	Yuki先生	93.48449715422173
219	Intermediate	Yuki先生	115.99187975581843
220	Intermediate	Yuki先生	113.38342267664316
221	Beginner	Yuki先生	94.39888350627726
222	Complete Beginner	Yuki先生	71.77402037215118
223	Complete Beginner	Yuki先生	75.2637027692917
224	Intermediate	Yuki先生	113.44537806792795
225	Intermediate	Yuki先生	116.1861249306594
226	Beginner	Yuki先生	97.88337106449168
227	Intermediate	Yuki先生	109.53984133902334
228	Beginner	Yuki先生	92.7593649951867
229	Beginner	Yuki先生	70.3826486637944
230	Complete Beginner	Yuki先生	89.9799895560089
231	Intermediate	Yuki先生	137.04314183596685
232	Complete Beginner	Yuki先生	68.52128471029866
233	Beginner	Yuki先生	82.04356030442976
234	Intermediate	Yuki先生	103.17987247889614
235	Complete Beginner	Yuki先生	78.81934098757313
236	Complete Beginner	Yuki先生	76.91239461936719
237	Beginner	Yuki先生	98.85304526884701
238	Intermediate	Yuki先生	119.9567206722711
239	Complete Beginner	Yuki先生	75.56115196672603
240	Beginner	Yuki先生	84.70791880930116
241	Intermediate	Yuki先生	122.99710934876681
242	Complete Beginner	Yuki先生	58.641535828015506
243	Beginner	Yuki先生	94.51405315511649
244	Intermediate	Yuki先生	118.67400356483739
245	Complete Beginner	Yuki先生	71.9086558975497
246	Beginner	Yuki先生	101.57252117989171
247	Beginner	Yuki先生	80.32023321583877
248	Complete Beginner	Yuki先生	74.41810743370765
249	Complete Beginner	Yuki先生	74.99542710810306
250	Complete Beginner	Yuki先生	98.83609362637357
251	Intermediate	Yuki先生	125.10281537704752
252	Beginner	Yuki先生	102.56780172264808
253	Intermediate	Yuki先生	110.93439976443533
254	Intermediate	Yuki先生	119.78467392480094
255	Beginner	Yuki先生	88.11774358593505
256	Complete Beginner	Yuki先生	77.3967875871742
257	Intermediate	Yuki先生	112.94776202000102
258	Beginner	Yuki先生	94.32842255782337
259	Intermediate	Yuki先生	117.73839429273514
260	Beginner	Yuki先生	96.10783110146843
261	Complete Beginner	Yuki先生	86.78172249189419
262	Intermediate	Yuki先生	123.1944260594391
263	Complete Beginner	Yuki先生	77.16188110005587
264	Beginner	Yuki先生	94.6071033680543
265	Intermediate	Yuki先生	111.5459809958304
266	Complete Beginner	Yuki先生	82.6959074229602
267	Complete Beginner	Yuki先生	77.51929159819703
268	Beginner	Yuki先生	101.78076354927857
269	Beginner	Yuki先生	92.17961555366091
270	Complete Beginner	Yuki先生	89.29887948208032
271	Intermediate	Yuki先生	99.08185634172213
272	Intermediate	Yuki先生	93.94425440075257
273	Beginner	Yuki先生	109.04427367935928
274	Complete Beginner	Yuki先生	84.23055515936112
275	Intermediate	Yuki先生	211.98630136986392
276	Intermediate	Yuki先生	123.12281121579333
277	Complete Beginner	Yuki先生	63.88101075500147
278	Beginner	Yuki先生	95.72382490299573
279	Intermediate	Yuki先生	113.90876402837696
280	Complete Beginner	Yuki先生	65.95894809297761
281	Beginner	Yuki先生	79.4355554837979
282	Complete Beginner	Yuki先生	66.84796738632845
283	Intermediate	Yuki先生	106.88778924363324
284	Intermediate	Yuki先生	187.20798459895627
285	Intermediate	Yuki先生	116.44264851566066
286	Beginner	Yuki先生	78.01879607798762
287	Complete Beginner	Yuki先生	64.88094168525106
288	Beginner	Yuki先生	81.10106388398555
289	Complete Beginner	Yuki先生	74.82433758175087
290	Beginner	Yuki先生	89.32881889831665
291	Complete Beginner	Yuki先生	77.1844145520039
292	Beginner	Yuki先生	99.53914043992437
293	Intermediate	Yuki先生	143.42720040409142
294	Complete Beginner	Yuki先生	66.84324055333157
295	Beginner	Yuki先生	85.2235976308156
296	Intermediate	Yuki先生	136.09434302601767
297	Beginner	Yuki先生	105.94289426584528
298	Intermediate	Yuki先生	127.01518594969536
299	Beginner	Yuki先生	95.83232233488191
300	Complete Beginner	Yuki先生	78.06650405314194
301	Intermediate	Yuki先生	120.15124485521477
302	Complete Beginner	Yuki先生	86.70790589014099
303	Beginner	Yuki先生	90.48815763810283
304	Intermediate	Yuki先生	98.6697730396234
305	Complete Beginner	Yuki先生	80.86798901238528
306	Intermediate	Yuki先生	117.85196937297378
307	Complete Beginner	Yuki先生	79.64679644541548
308	Beginner	Yuki先生	79.28029917348321
309	Intermediate	Yuki先生	136.70981688318417
310	Beginner	Yuki先生	98.67578713891606
311	Complete Beginner	Yuki先生	64.80853500556138
312	Beginner	Yuki先生	94.08847543750483
313	Intermediate	Yuki先生	129.58075302393567
314	Beginner	Yuki先生	92.74935647557194
315	Complete Beginner	Yuki先生	75.50035742807133
316	Intermediate	Yuki先生	113.1117929920325
317	Beginner	Yuki先生	85.7929851217794
318	Beginner	Yuki先生	100.05911799323793
319	Complete Beginner	Yuki先生	76.66951109924902
320	Intermediate	Yuki先生	130.52832944021887
321	Complete Beginner	Yuki先生	75.03070447353404
322	Beginner	Yuki先生	102.72200289521136
323	Intermediate	Yuki先生	173.3403835985199
324	Complete Beginner	Yuki先生	72.0763370694138
325	Beginner	Yuki先生	84.62653286152705
326	Intermediate	Yuki先生	123.00110411198229
327	Beginner	Yuki先生	87.44471310364668
329	Complete Beginner	Yuki先生	82.60720275091916
330	Beginner	Yuki先生	101.58851709167567
331	Intermediate	Yuki先生	125.86958419608905
332	Complete Beginner	Yuki先生	71.68863260037631
333	Beginner	Yuki先生	116.15530854296013
334	Beginner	Yuki先生	83.8842063168999
335	Complete Beginner	Yuki先生	83.74002726492063
336	Intermediate	Yuki先生	124.30421648548293
338	Intermediate	Yuki先生	118.83707763559624
339	Intermediate	Yuki先生	128.117744251278
340	Beginner	Yuki先生	108.72174474049095
341	Complete Beginner	Yuki先生	80.3922835053304
342	Intermediate	Yuki先生	184.9050779441277
343	Beginner	Yuki先生	104.9334604921565
344	Intermediate	Yuki先生	128.90123016574006
345	Beginner	Yuki先生	84.1721040149669
346	Complete Beginner	Yuki先生	82.18548031300631
348	Beginner	Yuki先生	94.15567757716701
349	Complete Beginner	Yuki先生	77.42923756720246
350	Intermediate	Yuki先生	136.0324954307876
351	Complete Beginner	Yuki先生	84.02987255268297
352	Complete Beginner	Yuki先生	81.10692200288999
353	Complete Beginner	Yuki先生	82.64482638685695
354	Beginner	Yuki先生	109.85597107470845
355	Intermediate	Yuki先生	123.40042482864636
357	Complete Beginner	Yuki先生	82.96914380450741
358	Intermediate	Yuki先生	123.73279910372906
360	Intermediate	Yuki先生	131.6733971963967
361	Beginner	Yuki先生	101.72913398719845
362	Complete Beginner	Yuki先生	77.13228474787387
363	Intermediate	Yuki先生	120.79103419929733
364	Complete Beginner	Yuki先生	85.95757635450337
365	Beginner	Yuki先生	104.43662617575636
366	Intermediate	Yuki先生	159.72316884751663
367	Beginner	Yuki先生	102.63610441198473
368	Intermediate	Yuki先生	140.63442875574262
369	Complete Beginner	Yuki先生	100.70211734476196
370	Complete Beginner	Yuki先生	82.32027707207045
371	Intermediate	Yuki先生	135.05747814994524
373	Complete Beginner	Yuki先生	90.95475299192942
374	Complete Beginner	Yuki先生	89.66103155458103
375	Beginner	Yuki先生	104.89075962681005
376	Intermediate	Yuki先生	131.41666164409992
377	Complete Beginner	Yuki先生	79.93929717700975
378	Beginner	Yuki先生	98.58026141527974
379	Intermediate	Yuki先生	133.42855682307433
380	Beginner	Yuki先生	97.62720445029743
381	Intermediate	Yuki先生	119.99785131666948
382	Complete Beginner	Yuki先生	68.88122131013125
383	Beginner	Yuki先生	110.80142247802718
384	Intermediate	Yuki先生	126.52431387995486
385	Complete Beginner	Yuki先生	85.37973654252723
386	Beginner	Yuki先生	88.925213981713
387	Intermediate	Yuki先生	115.68814303535959
388	Complete Beginner	Yuki先生	75.31199406904925
389	Complete Beginner	Yuki先生	80.79232954723022
390	Beginner	Yuki先生	85.17420763056789
391	Intermediate	Yuki先生	116.78892305273041
392	Beginner	Yuki先生	94.97886083053106
393	Intermediate	Yuki先生	127.39001523682322
394	Beginner	Yuki先生	86.42633568590135
395	Complete Beginner	Yuki先生	87.04691943102011
396	Intermediate	Yuki先生	107.63721779127235
397	Complete Beginner	Yuki先生	65.91827626993266
398	Beginner	Yuki先生	97.42366146147927
399	Intermediate	Yuki先生	128.71609028327853
400	Complete Beginner	Yuki先生	84.8108407332826
401	Beginner	Yuki先生	103.28384758859437
402	Intermediate	Yuki先生	117.65583445896712
403	Complete Beginner	Yuki先生	85.00321539784532
404	Beginner	Yuki先生	106.01249408830394
405	Intermediate	Yuki先生	125.49871672256218
406	Beginner	Yuki先生	85.35991282683565
407	Complete Beginner	Yuki先生	94.27896238466059
408	Intermediate	Yuki先生	132.41732647587793
409	Complete Beginner	Yuki先生	104.77011018867654
410	Beginner	Yuki先生	111.52473013077258
411	Intermediate	Yuki先生	134.742289111189
412	Complete Beginner	Yuki先生	73.68117305184273
413	Beginner	Yuki先生	90.03616286907001
414	Intermediate	Yuki先生	117.59386345090343
415	Complete Beginner	Yuki先生	84.60780044607388
416	Beginner	Yuki先生	105.33848664598477
417	Intermediate	Yuki先生	129.59441199049786
418	Complete Beginner	Yuki先生	94.1938629831496
419	Beginner	Yuki先生	96.96174988767756
420	Complete Beginner	Yuki先生	84.79703360146083
421	Beginner	Yuki先生	114.36395002462456
422	Intermediate	Yuki先生	136.0132790188516
423	Beginner	Chieko先生	103.34029232460634
424	Intermediate	Yuki先生	136.96275940768925
425	Advanced	Yuki先生	162.4765912680602
426	Complete Beginner	Yuki先生	95.55019881952722
427	Complete Beginner	Yuki先生	85.9830808530185
428	Intermediate	Momo先生	117.67552356202035
429	Advanced	Yuki先生	167.49760467862356
430	Beginner	Yuki先生	102.43203868679531
431	Beginner	Chieko先生	109.40658485603339
432	Beginner	Momo先生	80.14241701646843
433	Intermediate	Yuki先生	135.84485934947313
434	Complete Beginner	Yuki先生	91.57747202215799
435	Complete Beginner	Yuki先生	82.7502517765389
436	Beginner	Yuki先生	120.37468365363947
437	Advanced	Yuki先生	171.75437881604276
438	Beginner	Chieko先生	120.75588059235128
439	Complete Beginner	Yuki先生	93.1050562520457
440	Beginner	Yuki先生	102.01754021574754
441	Intermediate	Yuki先生	135.96584448695452
442	Complete Beginner	Meika先生	54.435831180017225
443	Complete Beginner	Meika先生	42.274412855377015
444	Beginner	Yoshito先生	98.59534243652443
445	Intermediate	Yuki先生	127.00630042478019
446	Advanced	Yuki先生	146.15460656385923
447	Complete Beginner	Momo先生	64.61723552040469
448	Intermediate	Chieko先生	141.28728414442654
449	Beginner	Momo先生	94.97343254899707
450	Advanced	Yuki先生	151.53822889185776
451	Beginner	Meika先生	121.85256667066967
452	Beginner	Yoshito先生	93.53926072493111
453	Intermediate	Chieko先生	154.0362272067133
454	Intermediate	Chieko先生	149.77319587628867
455	Intermediate	Chieko先生	153.56419495452047
456	Intermediate	Yoshito先生	121.09863080909551
457	Advanced	Yuki先生	186.8945102260495
458	Intermediate	Momo先生	99.71526074072004
459	Beginner	Meika先生	95.9608629603858
460	Beginner	Yuki先生	97.27495663954937
461	Complete Beginner	Yuki先生	66.67502542121967
462	Complete Beginner	Yuki先生	82.46699145138791
463	Intermediate	Meika先生	123.75825886767817
464	Advanced	Yuki先生	150.77431998261923
465	Intermediate	Yoshito先生	130.90451220689323
466	Intermediate	Chieko先生	113.11919857021635
467	Intermediate	Yuki先生	144.39377383885417
468	Beginner	Yoshito先生	102.65414454879541
469	Beginner	Chieko先生	118.46093399191737
470	Intermediate	Momo先生	133.99463223560133
471	Complete Beginner	Meika先生	57.7541252946639
472	Beginner	Yoshito先生	75.02399907331123
473	Beginner	Chieko先生	80.54060456194334
474	Intermediate	Yuki先生	146.39904240462837
475	Beginner	Momo先生	92.0482178039613
476	Advanced	Momo先生	163.62899959497776
477	Beginner	Meika先生	80.19460138104206
478	Advanced	Yuki先生	169.64339771144884
479	Complete Beginner	Yoshito先生	36.245948870961065
480	Beginner	Chieko先生	88.55046090416297
481	Intermediate	Yoshito先生	117.8369089036147
482	Intermediate	Meika先生	105.15519199366973
483	Advanced	Yuki先生	149.81352287745256
484	Complete Beginner	Chieko先生	70.17956999362744
485	Intermediate	Meika先生	111.17289060874062
486	Complete Beginner	Momo先生	82.64359442868407
487	Complete Beginner	Yuki先生	83.01098436251291
488	Beginner	Yuki先生	107.09142800700758
489	Beginner	Chieko先生	80.61304973625153
490	Beginner	Meika先生	81.3936248470025
491	Intermediate	Yoshito先生	111.6908117246298
492	Advanced	Yuki先生	147.33018106331448
493	Intermediate	Chieko先生	126.40295303977246
494	Intermediate	Momo先生	130.09830550341448
495	Intermediate	Chieko先生	131.51797996663547
496	Advanced	Yuki先生	173.59898396570884
497	Complete Beginner	Yoshito先生	93.15207553093006
498	Intermediate	Yuki先生	135.58791188385092
499	Beginner	Yuki先生	103.19759669558233
500	Complete Beginner	Yuki先生	93.51107064355745
501	Advanced	Yuki先生	145.04778593641115
502	Complete Beginner	Yuki先生	77.0113353882569
503	Beginner	Yuki先生	96.6006243883581
504	Beginner	Momo先生	91.74906917421072
505	Intermediate	Meika先生	113.18016928657799
506	Beginner	Yoshito先生	83.05043218538566
507	Complete Beginner	Yuki先生	84.71059642781954
508	Complete Beginner	Yuki先生	81.81436867358799
509	Advanced	Yuki先生	158.90058820281814
510	Advanced	Yuki先生	147.40704590837953
511	Beginner	Yoshito先生	76.39157986542865
512	Intermediate	Chieko先生	135.811456187524
513	Intermediate	Chieko先生	137.00291120484522
514	Intermediate	Yuki先生	136.45971512392614
515	Beginner	Yuki先生	99.10715343807357
516	Complete Beginner	Momo先生	72.22815030339615
517	Advanced	Yuki先生	150.77582346380916
518	Beginner	Yuki先生	102.56217928996828
519	Complete Beginner	Meika先生	47.95590261828204
520	Beginner	Meika先生	104.49950809956124
521	Intermediate	Yoshito先生	116.5995730133483
522	Complete Beginner	Yuki先生	72.2352155469945
523	Beginner	Yuki先生	115.08589371740987
524	Advanced	Yuki先生	152.75332705823922
525	Beginner	Yuki先生	99.40253418952082
526	Intermediate	Momo先生	108.99368458188005
527	Intermediate	Meika先生	115.01137698481728
528	Intermediate	Chieko先生	141.10873254316724
529	Beginner	Yuki先生	104.63452599264293
530	Complete Beginner	Yuki先生	76.72619979033627
531	Intermediate	Yoshito先生	125.12699067257167
532	Advanced	Momo先生	160.4575805078856
533	Beginner	Yuki先生	102.86889934684685
534	Complete Beginner	Yuki先生	83.54151985537376
535	Complete Beginner	Meika先生	68.30384180064848
536	Intermediate	Yuki先生	141.347821061149
537	Intermediate	Yuki先生	133.4844559585492
538	Intermediate	Yoshito先生	115.81282775312627
539	Beginner	Meika先生	108.56323898244355
540	Beginner	Chieko先生	76.97538546261116
541	Complete Beginner	Momo先生	72.31370543494182
542	Intermediate	Yoshito先生	125.98565729020835
543	Complete Beginner	Yuki先生	77.82552213450585
544	Beginner	Chieko先生	96.91331923890064
545	Beginner	Yuki先生	96.98056801195816
546	Intermediate	Chieko先生	146.1164594139095
547	Beginner	Meika先生	130.56379821958456
548	Advanced	Yuki先生	147.15803071623367
549	Intermediate	Meika先生	128.7286061995983
550	Intermediate	Yoshito先生	122.68949886678418
551	Intermediate	Chieko先生	179.32267909296755
552	Advanced	Yuki先生	192.90247998778545
553	Intermediate	Momo先生	141.30702836004932
554	Beginner	Momo先生	65.38725150140989
555	Complete Beginner	Meika先生	69.45623204435387
556	Beginner	Yoshito先生	93.29293879589181
557	Complete Beginner	Momo先生	78.47072688354558
558	Advanced	Yuki先生	172.08934927808664
559	Beginner	Yuki先生	100.87079944759859
560	Complete Beginner	Yoshito先生	82.68327077382902
561	Beginner	Yuki先生	99.4154403552385
562	Intermediate	Meika先生	114.0633685380767
564	Advanced	Chieko先生	170.14087810261347
565	Advanced	Momo先生	155.72237272687815
566	Complete Beginner	Meika先生	71.70875223303354
567	Beginner	Yoshito先生	87.43356763243614
568	Intermediate	Yuki先生	145.9418113000698
569	Advanced	Chieko先生	165.64051638530287
570	Beginner	Momo先生	102.8216055543264
571	Complete Beginner	Yuki先生	71.65667215399417
572	Advanced	Meika先生	182.23911525376718
573	Intermediate	Yoshito先生	138.57464954416236
574	Complete Beginner	Yuki先生	72.61360624730241
575	Advanced	Chieko先生	170.04588471465442
576	Beginner	Yuki先生	106.54959994335482
577	Beginner	Meika先生	123.26372040221432
578	Complete Beginner	Yuki先生	89.41454760496748
579	Intermediate	Yuki先生	133.76649742312793
580	Advanced	Yoshito先生	135.9901523311279
581	Intermediate	Chieko先生	111.61076698975153
582	Intermediate	Momo先生	121.18158919166477
583	Intermediate	Yuki先生	151.92804345890107
584	Complete Beginner	Momo先生	80.4339172775019
585	Complete Beginner	Meika先生	68.54384553499598
586	Beginner	Yuki先生	103.17359469161863
587	Intermediate	Yoshito先生	125.19402992548896
588	Advanced	Yoshito先生	159.0247921118348
589	Beginner	Chieko先生	111.40132916001232
590	Advanced	Yuki先生	158.66603336049926
591	Complete Beginner	Yuki先生	80.43297252289759
592	Intermediate	Yuki先生	137.30550284629982
593	Beginner	Momo先生	96.69594954777584
594	Intermediate	Yoshito先生	121.82622874446774
595	Intermediate	Meika先生	108.8961437552501
597	Beginner	Chieko先生	127.11229369220037
598	Intermediate	Yuki先生	134.80400475139996
599	Advanced	Yuki先生	154.99233495852036
601	Beginner	Meika先生	111.17297962402155
602	Beginner	Yuki先生	99.04613587697098
603	Intermediate	Yoshito先生	134.9001291861274
604	Complete Beginner	Yuki先生	69.35758953951108
605	Beginner	Yuki先生	96.93156273999463
606	Complete Beginner	Momo先生	75.8364312267658
607	Advanced	Chieko先生	168.49249695105783
608	Intermediate	Yuki先生	138.1807323354858
610	Intermediate	Yuki先生	144.85328365160692
611	Beginner	Chieko先生	114.15391158666817
612	Beginner	Meika先生	102.97482846591693
613	Complete Beginner	Yuki先生	61.8162193378637
615	Beginner	Yoshito先生	81.7223885543416
616	Complete Beginner	Chieko先生	76.62948794464067
617	Beginner	Momo先生	86.96216609146684
618	Complete Beginner	Meika先生	63.94125824959441
619	Beginner	Chieko先生	87.95026404320677
620	Beginner	Yoshito先生	60.48568430520163
621	Beginner	Chieko先生	105.12756997770623
622	Intermediate	Meika先生	127.66547288013693
623	Intermediate	Yoshito先生	102.74658067385744
624	Intermediate	Yuki先生	117.39644970414201
625	Complete Beginner	Yuki先生	74.18779457625952
626	Advanced	Yuki先生	155.64566437928883
627	Complete Beginner	Meika先生	66.61515882455006
628	Complete Beginner	Yuki先生	65.26261563003483
629	Beginner	Yuki先生	93.46618121600585
630	Intermediate	Yuki先生	121.84408628019406
631	Beginner	Momo先生	96.74314134445693
632	Beginner	Yoshito先生	72.00000007365729
633	Intermediate	Momo先生	109.29895483309257
634	Intermediate	Chieko先生	131.7426069298134
635	Advanced	Yuki先生	140.12049847327143
636	Intermediate	Chieko先生	133.19181187779242
637	Complete Beginner	Yuki先生	73.05731184988782
638	Beginner	Yuki先生	75.0821160172606
639	Beginner	Meika先生	87.09925621954348
640	Intermediate	Yuki先生	127.20537680598245
641	Complete Beginner	Momo先生	64.71212514630919
642	Beginner	Yoshito先生	89.74961796167862
643	Intermediate	Meika先生	127.91878186404449
644	Advanced	Yuki先生	158.55627862135455
645	Intermediate	Chieko先生	140.39854263883703
647	Intermediate	Yuki先生	129.59763838267966
648	Complete Beginner	Momo先生	61.7129448572546
649	Intermediate	Yoshito先生	122.01390988811613
650	Intermediate	Chieko先生	145.66875393823452
652	Complete Beginner	Yuki先生	72.54105493165989
653	Beginner	Yuki先生	99.89053348251366
654	Advanced	Yuki先生	145.77130753855792
655	Complete Beginner	Meika先生	83.0518082791654
656	Beginner	Momo先生	84.27411750450644
657	Intermediate	Yoshito先生	112.48448489863466
658	Beginner	Yuki先生	102.7561230127064
659	Advanced	Yuki先生	152.43801962399823
660	Intermediate	Kei先生	110.3601108033241
661	Complete Beginner	Yuki先生	82.74347083231633
662	Beginner	Yuki先生	96.58536585365854
663	Advanced	Meika先生	139.82618057506153
664	Beginner	Yuki先生	101.94561509038414
665	Advanced	Chieko先生	157.35621226564982
666	Complete Beginner	Yoshito先生	92.42598598179725
667	Complete Beginner	Momo先生	64.69861664074767
668	Complete Beginner	Yuki先生	77.05817777369774
669	Intermediate	Kei先生	111.84187749252591
670	Beginner	Meika先生	118.03846142496302
671	Intermediate	Yoshito先生	112.19640971488913
672	Advanced	Chieko先生	159.5901715425897
673	Beginner	Yuki先生	104.5690418934312
674	Intermediate	Kei先生	113.63981390503278
675	Intermediate	Meika先生	122.49034749034749
676	Advanced	Chieko先生	158.10019513399473
677	Intermediate	Momo先生	102.4390243902439
678	Intermediate	Yoshito先生	122.15558299523725
679	Beginner	Chieko先生	113.95310810177787
680	Complete Beginner	Meika先生	78.5100840282834
681	Advanced	Kei先生	120.88594325302485
682	Intermediate	Meika先生	132.40384631298542
683	Advanced	Momo先生	133.17572892040977
684	Complete Beginner	Chieko先生	90.33277100214148
685	Beginner	Momo先生	84.48388831049132
686	Intermediate	Yoshito先生	122.64733107065723
687	Complete Beginner	Yuki先生	79.27018249401158
688	Beginner	Yuki先生	92.6394479966481
689	Intermediate	Kei先生	122.99741602067185
690	Complete Beginner	Momo先生	70.51301567970772
691	Advanced	Meika先生	140.16275730014362
692	Complete Beginner	Chieko先生	66.53283624892458
693	Beginner	Yoshito先生	98.90564649622955
694	Complete Beginner	Meika先生	61.51046405823477
695	Intermediate	Momo先生	114.32114875044311
696	Beginner	Yuki先生	94.23631123919309
698	Intermediate	Kei先生	127.7228697659751
699	Advanced	Yuki先生	148.3409322852204
700	Beginner	Yuki先生	101.22566690699352
701	Intermediate	Yuki先生	123.39045848847131
702	Complete Beginner	Yoshito先生	91.69388707419505
703	Intermediate	Chieko先生	130.58520715473765
704	Intermediate	Kei先生	130.5593451568895
705	Intermediate	Chieko先生	127.81207509513825
706	Complete Beginner	Meika先生	64.92695220647552
707	Advanced	Yoshito先生	139.13489325999814
708	Beginner	Momo先生	88.58075040783034
709	Intermediate	Meika先生	152.1538267547087
711	Intermediate	Kei先生	114.65325188645346
712	Beginner	Yuki先生	87.93565683646112
713	Intermediate	Yuki先生	125.71428571428572
714	Beginner	Yoshito先生	119.55869108375863
715	Complete Beginner	Yuki先生	70.79289049327765
716	Beginner	Yuki先生	99.5457238004774
717	Beginner	Chieko先生	75.60315019426072
718	Beginner	Momo先生	89.96727136855336
719	Intermediate	Kei先生	128.71556694426653
720	Beginner	Meika先生	95.6469528670069
721	Intermediate	Yoshito先生	135.8424461195456
722	Complete Beginner	Yuki先生	70.12920338838026
723	Advanced	Yuki先生	146.51188559982074
724	Intermediate	Yuki先生	117.4620975428301
725	Intermediate	Meika先生	132.4962560390551
727	Beginner	Momo先生	65.70176446447827
728	Beginner	Yuki先生	86.94404591104735
729	Beginner	Yoshito先生	98.64809920715594
730	Intermediate	Chieko先生	138.45140200514967
731	Complete Beginner	Yuki先生	72.76575476333892
732	Advanced	Yuki先生	158.16996286879493
733	Beginner	Chieko先生	109.44558084161721
734	Advanced	Meika先生	148.88373813454157
735	Complete Beginner	Yuki先生	80.11783923924418
737	Intermediate	Kei先生	126.0865570155288
738	Beginner	Yoshito先生	83.0468608648453
739	Beginner	Yuki先生	111.75897208684094
740	Intermediate	Yuki先生	120.4332129963899
741	Beginner	Yuki先生	101.4156284816446
742	Intermediate	Momo先生	103.38153125374822
743	Complete Beginner	Yuki先生	91.60757553935233
744	Intermediate	Meika先生	157.4559685347789
745	Intermediate	Chieko先生	126.88733677497721
746	Intermediate	Kei先生	129.80048035207582
747	Complete Beginner	Momo先生	62.869022803670454
748	Beginner	Yoshito先生	72.08428958898394
749	Intermediate	Yuki先生	124.48684590922232
750	Advanced	Chieko先生	158.6325061345189
751	Complete Beginner	Meika先生	75.80881373984822
752	Intermediate	Kei先生	134.95318769505127
753	Intermediate	Yoshito先生	110.78956461644782
754	Intermediate	Chieko先生	132.2164098970506
755	Beginner	Meika先生	119.66707768187425
756	Beginner	Yuki先生	109.40044057082655
757	Beginner	Yuki先生	74.7411949237131
758	Beginner	Momo先生	66.88113237896091
759	Advanced	Kei先生	141.9880387708806
760	Complete Beginner	Yoshito先生	88.54003139717425
761	Beginner	Yuki先生	69.66680920386753
794	Intermediate	Yuki先生	133.91885020907353
795	Advanced	Kei先生	142.5274962260082
796	Intermediate	Chieko先生	150.80042689434364
797	Intermediate	Chieko先生	157.57436657986338
798	Complete Beginner	Yuki先生	77.35621082706278
799	Intermediate	Yoshito先生	131.74820750738084
800	Intermediate	Momo先生	101.92829571600102
801	Intermediate	Meika先生	133.09379740269836
802	Beginner	Meika先生	125.48357766391851
803	Beginner	Yuki先生	58.47491860560774
804	Advanced	Yuki先生	150.65920123479532
805	Intermediate	Kei先生	138.69900104143127
806	Intermediate	Yoshito先生	136.8001786777844
807	Complete Beginner	Momo先生	60.48636111126352
808	Beginner	Yuki先生	66.09853554299303
809	Intermediate	Yuki先生	120.23150607933215
810	Complete Beginner	Meika先生	74.5259165613148
811	Advanced	Chieko先生	148.74400449201528
812	Intermediate	Kei先生	133.27299053827917
813	Beginner	Yoshito先生	103.43153123988345
814	Beginner	Chieko先生	116.97176828644984
815	Beginner	Momo先生	70.79527728494278
816	Beginner	Yuki先生	100.89772014029383
817	Complete Beginner	Yuki先生	78.22574874077937
818	Intermediate	Kei先生	127.85515324786044
819	Beginner	Meika先生	139.90584325671557
820	Intermediate	Yoshito先生	124.08294654888454
821	Beginner	Chieko先生	99.18134929765473
823	Advanced	Yuki先生	148.9687879122091
824	Intermediate	Momo先生	102.11120462888124
825	Beginner	Yuki先生	67.62213792025325
826	Advanced	Kei先生	145.0939828993494
827	Intermediate	Yuki先生	124.62746662194337
828	Intermediate	Meika先生	133.21248418457895
829	Intermediate	Yoshito先生	134.32178508514386
830	Intermediate	Yuki先生	116.67165848262755
831	Complete Beginner	Yuki先生	87.97860312698812
832	Beginner	Yuki先生	53.481950717771895
833	Intermediate	Chieko先生	138.2148920251545
834	Beginner	Meika先生	122.18292734459175
835	Intermediate	Yuki先生	115.65602216483433
836	Complete Beginner	Yuki先生	79.50498759954898
837	Advanced	Kei先生	147.831754860691
838	Advanced	Yuki先生	140.7010160269475
839	Intermediate	Yoshito先生	91.70353180071072
840	Intermediate	Kei先生	144.25141853153585
841	Beginner	Yuki先生	53.741818980849885
842	Beginner	Yuki先生	49.97198001088773
843	Intermediate	Yuki先生	107.25841127020148
844	Intermediate	Yuki先生	123.43800889503365
845	Complete Beginner	Yuki先生	71.1802106391027
846	Advanced	Momo先生	124.58208243203393
848	Advanced	Yuki先生	145.2438983631324
849	Complete Beginner	Meika先生	72.9849279759051
850	Intermediate	Chieko先生	142.89799954652233
851	Advanced	Kei先生	160.96198603568658
852	Beginner	Momo先生	82.56994454383545
853	Beginner	Yoshito先生	84.51228592702904
854	Intermediate	Kei先生	144.91481366161432
855	Intermediate	Yuki先生	120.72493496425261
856	Intermediate	Yuki先生	119.10573244222263
857	Intermediate	Yuki先生	119.09219693665624
858	Beginner	Chieko先生	90.66626978857464
859	Complete Beginner	Yuki先生	61.92006387916151
860	Beginner	Yuki先生	114.52433219818901
861	Complete Beginner	Yuki先生	52.54535541958579
863	Advanced	Kei先生	149.41292854045545
864	Beginner	Yoshito先生	104.1766682669227
865	Intermediate	Yuki先生	125.15674688561388
866	Intermediate	Yuki先生	134.68484345762772
867	Intermediate	Yuki先生	124.90514603299327
868	Intermediate	Yuki先生	140.83218979794933
869	Intermediate	Momo先生	115.78033235041264
870	Complete Beginner	Yuki先生	54.502025227193286
871	Beginner	Meika先生	113.33911544955691
872	Beginner	Meika先生	112.04583937494846
873	Intermediate	Kei先生	132.47130870596544
874	Beginner	Chieko先生	113.19554848966612
875	Advanced	Kei先生	140.38282518606502
876	Complete Beginner	Yuki先生	49.9237159592721
877	Intermediate	Yoshito先生	125.6962945023008
878	Beginner	Momo先生	79.92716465234678
879	Intermediate	Yuki先生	137.00338423929952
880	Intermediate	Chieko先生	138.49989611468936
881	Beginner	Meika先生	100.55583628094998
882	Advanced	Kei先生	144.14162174933696
883	Complete Beginner	Yoshito先生	56.95118469882957
884	Advanced	Yuki先生	159.30937188069618
885	Advanced	Kei先生	142.66779534582955
886	Advanced	Chieko先生	141.75892523945765
887	Intermediate	Meika先生	127.97621954484492
888	Beginner	Momo先生	83.53038892114847
889	Complete Beginner	Momo先生	62.914724565512536
890	Complete Beginner	Yoshito先生	56.05979711692472
891	Intermediate	Yuki先生	148.53892791914103
892	Advanced	Kei先生	138.60021208907742
893	Intermediate	Chieko先生	123.81644718202313
894	Complete Beginner	Meika先生	79.72382389354138
895	Beginner	Yuki先生	100.36263732931874
896	Beginner	Yuki先生	88.28864169136114
897	Beginner	Yoshito先生	47.504559774498425
898	Intermediate	Chieko先生	120.28319463420692
899	Complete Beginner	Yuki先生	68.83713719477714
900	Beginner	Yuki先生	79.83441904326716
901	Complete Beginner	Yuki先生	45.37123365818986
902	Complete Beginner	Yuki先生	41.24666660623949
903	Intermediate	Chieko先生	139.0657610666967
904	Advanced	Kei先生	143.5695616476193
905	Advanced	Meika先生	155.0769229513547
906	Beginner	Yoshito先生	65.94427244582043
907	Beginner	Momo先生	74.62327626445317
908	Advanced	Kei先生	139.51423618213954
909	Beginner	Meika先生	119.14091936699323
910	Beginner	Yoshito先生	64.90303777603408
911	Complete Beginner	Meika先生	87.57468590711537
912	Intermediate	Momo先生	116.62404250646169
913	Beginner	Chieko先生	95.97699433602553
914	Advanced	Kei先生	142.12298336634956
915	Intermediate	Yuki先生	115.81229590527374
916	Intermediate	Yoshito先生	122.558555754416
917	Complete Beginner	Meika先生	77.82055072710946
918	Complete Beginner	Yuki先生	44.07460942281641
919	Intermediate	Yuki先生	107.78463358972192
920	Intermediate	Chieko先生	144.50058611908324
921	Beginner	Yoshito先生	96.20991253644314
922	Complete Beginner	Yuki先生	77.08237881425822
923	Advanced	Kei先生	140.38189928806793
924	Beginner	Momo先生	82.26812516647425
925	Intermediate	Meika先生	148.17978822621123
926	Complete Beginner	Yuki先生	42.18036441915891
927	Intermediate	Yuki先生	118.57200747206572
928	Advanced	Yuki先生	143.98857233552894
930	Beginner	Chieko先生	105.21272523247065
931	Advanced	Kei先生	138.90376492528432
932	Beginner	Yoshito先生	89.66493629070317
933	Intermediate	Yuki先生	99.44157582256412
934	Intermediate	Yuki先生	108.32610745099944
935	Beginner	Yuki先生	74.70900357066567
936	Beginner	Chieko先生	90.03690036900369
938	Advanced	Yuki先生	136.6537680961068
